高松築港-片原町,190
高松築港-瓦町,190
高松築港-栗林公園,190
高松築港-三条,190
高松築港-太田,330
高松築港-仏生山,330
高松築港-空港通り,360
高松築港-一宮,360
高松築港-円座,380
高松築港-岡本,410
高松築港-挿頭丘,440
高松築港-畑田,440
高松築港-陶,500
高松築港-綾川,500
高松築港-滝宮,530
高松築港-羽床,550
高松築港-栗熊,570
高松築港-岡田,590
高松築港-羽間,610
高松築港-榎井,630
高松築港-琴電琴平,630
高松築港-花園,190
高松築港-林道,250
高松築港-木太東口,250
高松築港-元山,330
高松築港-水田,330
高松築港-西前田,360
高松築港-高田,360
高松築港-池戸,380
高松築港-農学部前,410
高松築港-平木,410
高松築港-学園通り,410
高松築港-白山,440
高松築港-井戸,440
高松築港-公文明,440
高松築港-長尾,470
高松築港-今橋,190
高松築港-松島二丁目,190
高松築港-沖松島,190
高松築港-春日川,250
高松築港-潟元,250
高松築港-琴電屋島,330
高松築港-古高松,330
高松築港-八栗,350
高松築港-六万寺,350
高松築港-大町,370
高松築港-八栗新道,370
高松築港-塩屋,380
高松築港-房前,410
高松築港-原,410
高松築港-琴電志度,430
片原町-高松築港,190
片原町-瓦町,190
片原町-栗林公園,190
片原町-三条,190
片原町-太田,250
片原町-仏生山,330
片原町-空港通り,360
片原町-一宮,360
片原町-円座,380
片原町-岡本,410
片原町-挿頭丘,440
片原町-畑田,440
片原町-陶,470
片原町-綾川,500
片原町-滝宮,500
片原町-羽床,530
片原町-栗熊,550
片原町-岡田,590
片原町-羽間,610
片原町-榎井,610
片原町-琴電琴平,630
片原町-花園,190
片原町-林道,190
片原町-木太東口,250
片原町-元山,250
片原町-水田,330
片原町-西前田,330
片原町-高田,360
片原町-池戸,380
片原町-農学部前,380
片原町-平木,380
片原町-学園通り,410
片原町-白山,410
片原町-井戸,440
片原町-公文明,440
片原町-長尾,440
片原町-今橋,190
片原町-松島二丁目,190
片原町-沖松島,190
片原町-春日川,190
片原町-潟元,250
片原町-琴電屋島,250
片原町-古高松,330
片原町-八栗,330
片原町-六万寺,350
片原町-大町,360
片原町-八栗新道,370
片原町-塩屋,380
片原町-房前,380
片原町-原,410
片原町-琴電志度,410
瓦町-高松築港,190
瓦町-片原町,190
瓦町-栗林公園,190
瓦町-三条,190
瓦町-太田,250
瓦町-仏生山,330
瓦町-空港通り,330
瓦町-一宮,360
瓦町-円座,360
瓦町-岡本,410
瓦町-挿頭丘,410
瓦町-畑田,440
瓦町-陶,470
瓦町-綾川,500
瓦町-滝宮,500
瓦町-羽床,530
瓦町-栗熊,550
瓦町-岡田,570
瓦町-羽間,590
瓦町-榎井,610
瓦町-琴電琴平,630
瓦町-花園,190
瓦町-林道,190
瓦町-木太東口,190
瓦町-元山,250
瓦町-水田,250
瓦町-西前田,330
瓦町-高田,360
瓦町-池戸,360
瓦町-農学部前,380
瓦町-平木,380
瓦町-学園通り,380
瓦町-白山,410
瓦町-井戸,410
瓦町-公文明,410
瓦町-長尾,440
瓦町-今橋,190
瓦町-松島二丁目,190
瓦町-沖松島,190
瓦町-春日川,190
瓦町-潟元,250
瓦町-琴電屋島,250
瓦町-古高松,250
瓦町-八栗,330
瓦町-六万寺,330
瓦町-大町,360
瓦町-八栗新道,360
瓦町-塩屋,360
瓦町-房前,380
瓦町-原,380
瓦町-琴電志度,410
栗林公園-高松築港,190
栗林公園-片原町,190
栗林公園-瓦町,190
栗林公園-三条,190
栗林公園-太田,190
栗林公園-仏生山,250
栗林公園-空港通り,330
栗林公園-一宮,330
栗林公園-円座,360
栗林公園-岡本,380
栗林公園-挿頭丘,410
栗林公園-畑田,410
栗林公園-陶,440
栗林公園-綾川,470
栗林公園-滝宮,470
栗林公園-羽床,500
栗林公園-栗熊,530
栗林公園-岡田,570
栗林公園-羽間,590
栗林公園-榎井,610
栗林公園-琴電琴平,610
栗林公園-花園,190
栗林公園-林道,190
栗林公園-木太東口,250
栗林公園-元山,250
栗林公園-水田,330
栗林公園-西前田,360
栗林公園-高田,360
栗林公園-池戸,380
栗林公園-農学部前,380
栗林公園-平木,410
栗林公園-学園通り,410
栗林公園-白山,410
栗林公園-井戸,440
栗林公園-公文明,440
栗林公園-長尾,440
栗林公園-今橋,190
栗林公園-松島二丁目,190
栗林公園-沖松島,190
栗林公園-春日川,250
栗林公園-潟元,250
栗林公園-琴電屋島,330
栗林公園-古高松,330
栗林公園-八栗,330
栗林公園-六万寺,360
栗林公園-大町,360
栗林公園-八栗新道,380
栗林公園-塩屋,380
栗林公園-房前,380
栗林公園-原,410
栗林公園-琴電志度,410
三条-高松築港,190
三条-片原町,190
三条-瓦町,190
三条-栗林公園,190
三条-太田,190
三条-仏生山,250
三条-空港通り,250
三条-一宮,330
三条-円座,330
三条-岡本,360
三条-挿頭丘,380
三条-畑田,380
三条-陶,440
三条-綾川,440
三条-滝宮,470
三条-羽床,500
三条-栗熊,530
三条-岡田,550
三条-羽間,570
三条-榎井,590
三条-琴電琴平,610
三条-花園,190
三条-林道,250
三条-木太東口,250
三条-元山,330
三条-水田,330
三条-西前田,360
三条-高田,380
三条-池戸,380
三条-農学部前,410
三条-平木,410
三条-学園通り,410
三条-白山,440
三条-井戸,440
三条-公文明,470
三条-長尾,470
三条-今橋,190
三条-松島二丁目,190
三条-沖松島,250
三条-春日川,250
三条-潟元,330
三条-琴電屋島,330
三条-古高松,330
三条-八栗,360
三条-六万寺,360
三条-大町,380
三条-八栗新道,380
三条-塩屋,410
三条-房前,410
三条-原,410
三条-琴電志度,440
太田-高松築港,330
太田-片原町,250
太田-瓦町,250
太田-栗林公園,190
太田-三条,190
太田-仏生山,190
太田-空港通り,190
太田-一宮,190
太田-円座,250
太田-岡本,330
太田-挿頭丘,360
太田-畑田,360
太田-陶,410
太田-綾川,410
太田-滝宮,440
太田-羽床,470
太田-栗熊,500
太田-岡田,530
太田-羽間,550
太田-榎井,570
太田-琴電琴平,590
太田-花園,250
太田-林道,330
太田-木太東口,330
太田-元山,360
太田-水田,380
太田-西前田,380
太田-高田,410
太田-池戸,440
太田-農学部前,440
太田-平木,440
太田-学園通り,440
太田-白山,470
太田-井戸,470
太田-公文明,500
太田-長尾,500
太田-今橋,250
太田-松島二丁目,250
太田-沖松島,330
太田-春日川,330
太田-潟元,360
太田-琴電屋島,360
太田-古高松,380
太田-八栗,380
太田-六万寺,410
太田-大町,410
太田-八栗新道,410
太田-塩屋,440
太田-房前,440
太田-原,440
太田-琴電志度,470
仏生山-高松築港,330
仏生山-片原町,330
仏生山-瓦町,330
仏生山-栗林公園,250
仏生山-三条,250
仏生山-太田,190
仏生山-空港通り,190
仏生山-一宮,190
仏生山-円座,190
仏生山-岡本,250
仏生山-挿頭丘,330
仏生山-畑田,330
仏生山-陶,380
仏生山-綾川,380
仏生山-滝宮,410
仏生山-羽床,440
仏生山-栗熊,470
仏生山-岡田,500
仏生山-羽間,530
仏生山-榎井,550
仏生山-琴電琴平,570
仏生山-花園,330
仏生山-林道,360
仏生山-木太東口,360
仏生山-元山,380
仏生山-水田,410
仏生山-西前田,410
仏生山-高田,440
仏生山-池戸,440
仏生山-農学部前,470
仏生山-平木,470
仏生山-学園通り,470
仏生山-白山,500
仏生山-井戸,500
仏生山-公文明,530
仏生山-長尾,530
仏生山-今橋,330
仏生山-松島二丁目,330
仏生山-沖松島,360
仏生山-春日川,360
仏生山-潟元,380
仏生山-琴電屋島,380
仏生山-古高松,380
仏生山-八栗,410
仏生山-六万寺,440
仏生山-大町,440
仏生山-八栗新道,440
仏生山-塩屋,470
仏生山-房前,470
仏生山-原,470
仏生山-琴電志度,500
空港通り-高松築港,360
空港通り-片原町,360
空港通り-瓦町,330
空港通り-栗林公園,330
空港通り-三条,250
空港通り-太田,190
空港通り-仏生山,190
空港通り-一宮,190
空港通り-円座,190
空港通り-岡本,250
空港通り-挿頭丘,250
空港通り-畑田,330
空港通り-陶,360
空港通り-綾川,380
空港通り-滝宮,380
空港通り-羽床,410
空港通り-栗熊,440
空港通り-岡田,500
空港通り-羽間,530
空港通り-榎井,550
空港通り-琴電琴平,550
空港通り-花園,360
空港通り-林道,360
空港通り-木太東口,380
空港通り-元山,380
空港通り-水田,410
空港通り-西前田,440
空港通り-高田,440
空港通り-池戸,470
空港通り-農学部前,470
空港通り-平木,500
空港通り-学園通り,500
空港通り-白山,530
空港通り-井戸,530
空港通り-公文明,530
空港通り-長尾,530
空港通り-今橋,330
空港通り-松島二丁目,360
空港通り-沖松島,360
空港通り-春日川,380
空港通り-潟元,380
空港通り-琴電屋島,410
空港通り-古高松,410
空港通り-八栗,410
空港通り-六万寺,440
空港通り-大町,440
空港通り-八栗新道,470
空港通り-塩屋,470
空港通り-房前,470
空港通り-原,500
空港通り-琴電志度,500
一宮-高松築港,360
一宮-片原町,360
一宮-瓦町,360
一宮-栗林公園,330
一宮-三条,330
一宮-太田,190
一宮-仏生山,190
一宮-空港通り,190
一宮-円座,190
一宮-岡本,190
一宮-挿頭丘,250
一宮-畑田,250
一宮-陶,360
一宮-綾川,360
一宮-滝宮,380
一宮-羽床,410
一宮-栗熊,440
一宮-岡田,470
一宮-羽間,500
一宮-榎井,530
一宮-琴電琴平,550
一宮-花園,360
一宮-林道,380
一宮-木太東口,380
一宮-元山,410
一宮-水田,440
一宮-西前田,440
一宮-高田,470
一宮-池戸,470
一宮-農学部前,500
一宮-平木,500
一宮-学園通り,500
一宮-白山,530
一宮-井戸,530
一宮-公文明,550
一宮-長尾,550
一宮-今橋,360
一宮-松島二丁目,360
一宮-沖松島,380
一宮-春日川,380
一宮-潟元,410
一宮-琴電屋島,410
一宮-古高松,410
一宮-八栗,440
一宮-六万寺,470
一宮-大町,470
一宮-八栗新道,470
一宮-塩屋,500
一宮-房前,500
一宮-原,500
一宮-琴電志度,530
円座-高松築港,380
円座-片原町,380
円座-瓦町,360
円座-栗林公園,360
円座-三条,330
円座-太田,250
円座-仏生山,190
円座-空港通り,190
円座-一宮,190
円座-岡本,190
円座-挿頭丘,190
円座-畑田,250
円座-陶,330
円座-綾川,360
円座-滝宮,360
円座-羽床,380
円座-栗熊,410
円座-岡田,440
円座-羽間,470
円座-榎井,530
円座-琴電琴平,530
円座-花園,380
円座-林道,410
円座-木太東口,410
円座-元山,410
円座-水田,440
円座-西前田,470
円座-高田,470
円座-池戸,500
円座-農学部前,500
円座-平木,530
円座-学園通り,530
円座-白山,550
円座-井戸,550
円座-公文明,550
円座-長尾,570
円座-今橋,380
円座-松島二丁目,380
円座-沖松島,380
円座-春日川,410
円座-潟元,410
円座-琴電屋島,440
円座-古高松,440
円座-八栗,470
円座-六万寺,470
円座-大町,500
円座-八栗新道,500
円座-塩屋,500
円座-房前,530
円座-原,530
円座-琴電志度,530
岡本-高松築港,410
岡本-片原町,410
岡本-瓦町,410
岡本-栗林公園,380
岡本-三条,360
岡本-太田,330
岡本-仏生山,250
岡本-空港通り,250
岡本-一宮,190
岡本-円座,190
岡本-挿頭丘,190
岡本-畑田,190
岡本-陶,250
岡本-綾川,250
岡本-滝宮,330
岡本-羽床,360
岡本-栗熊,380
岡本-岡田,410
岡本-羽間,440
岡本-榎井,470
岡本-琴電琴平,500
岡本-花園,410
岡本-林道,440
岡本-木太東口,440
岡本-元山,470
岡本-水田,470
岡本-西前田,500
岡本-高田,530
岡本-池戸,530
岡本-農学部前,550
岡本-平木,550
岡本-学園通り,550
岡本-白山,570
岡本-井戸,570
岡本-公文明,570
岡本-長尾,590
岡本-今橋,410
岡本-松島二丁目,410
岡本-沖松島,410
岡本-春日川,440
岡本-潟元,470
岡本-琴電屋島,470
岡本-古高松,470
岡本-八栗,500
岡本-六万寺,500
岡本-大町,530
岡本-八栗新道,530
岡本-塩屋,550
岡本-房前,550
岡本-原,550
岡本-琴電志度,570
挿頭丘-高松築港,440
挿頭丘-片原町,440
挿頭丘-瓦町,410
挿頭丘-栗林公園,410
挿頭丘-三条,380
挿頭丘-太田,360
挿頭丘-仏生山,330
挿頭丘-空港通り,250
挿頭丘-一宮,250
挿頭丘-円座,190
挿頭丘-岡本,190
挿頭丘-畑田,190
挿頭丘-陶,190
挿頭丘-綾川,250
挿頭丘-滝宮,250
挿頭丘-羽床,330
挿頭丘-栗熊,360
挿頭丘-岡田,410
挿頭丘-羽間,440
挿頭丘-榎井,470
挿頭丘-琴電琴平,470
挿頭丘-花園,440
挿頭丘-林道,440
挿頭丘-木太東口,470
挿頭丘-元山,470
挿頭丘-水田,500
挿頭丘-西前田,530
挿頭丘-高田,530
挿頭丘-池戸,550
挿頭丘-農学部前,550
挿頭丘-平木,570
挿頭丘-学園通り,570
挿頭丘-白山,590
挿頭丘-井戸,590
挿頭丘-公文明,590
挿頭丘-長尾,590
挿頭丘-今橋,410
挿頭丘-松島二丁目,440
挿頭丘-沖松島,440
挿頭丘-春日川,470
挿頭丘-潟元,470
挿頭丘-琴電屋島,500
挿頭丘-古高松,500
挿頭丘-八栗,500
挿頭丘-六万寺,530
挿頭丘-大町,530
挿頭丘-八栗新道,550
挿頭丘-塩屋,550
挿頭丘-房前,550
挿頭丘-原,570
挿頭丘-琴電志度,570
畑田-高松築港,440
畑田-片原町,440
畑田-瓦町,440
畑田-栗林公園,410
畑田-三条,380
畑田-太田,360
畑田-仏生山,330
畑田-空港通り,330
畑田-一宮,250
畑田-円座,250
畑田-岡本,190
畑田-挿頭丘,190
畑田-陶,190
畑田-綾川,190
畑田-滝宮,250
畑田-羽床,330
畑田-栗熊,360
畑田-岡田,380
畑田-羽間,410
畑田-榎井,440
畑田-琴電琴平,470
畑田-花園,440
畑田-林道,470
畑田-木太東口,470
畑田-元山,500
畑田-水田,500
畑田-西前田,530
畑田-高田,550
畑田-池戸,550
畑田-農学部前,570
畑田-平木,570
畑田-学園通り,570
畑田-白山,590
畑田-井戸,590
畑田-公文明,590
畑田-長尾,610
畑田-今橋,440
畑田-松島二丁目,440
畑田-沖松島,440
畑田-春日川,470
畑田-潟元,500
畑田-琴電屋島,500
畑田-古高松,500
畑田-八栗,530
畑田-六万寺,530
畑田-大町,550
畑田-八栗新道,550
畑田-塩屋,570
畑田-房前,570
畑田-原,570
畑田-琴電志度,590
陶-高松築港,500
陶-片原町,470
陶-瓦町,470
陶-栗林公園,440
陶-三条,440
陶-太田,410
陶-仏生山,380
陶-空港通り,360
陶-一宮,360
陶-円座,330
陶-岡本,250
陶-挿頭丘,190
陶-畑田,190
陶-綾川,190
陶-滝宮,190
陶-羽床,250
陶-栗熊,330
陶-岡田,360
陶-羽間,380
陶-榎井,410
陶-琴電琴平,440
陶-花園,470
陶-林道,500
陶-木太東口,500
陶-元山,530
陶-水田,550
陶-西前田,550
陶-高田,570
陶-池戸,590
陶-農学部前,590
陶-平木,590
陶-学園通り,610
陶-白山,610
陶-井戸,610
陶-公文明,610
陶-長尾,630
陶-今橋,470
陶-松島二丁目,470
陶-沖松島,500
陶-春日川,500
陶-潟元,530
陶-琴電屋島,530
陶-古高松,550
陶-八栗,550
陶-六万寺,570
陶-大町,570
陶-八栗新道,570
陶-塩屋,590
陶-房前,590
陶-原,610
陶-琴電志度,610
綾川-高松築港,500
綾川-片原町,500
綾川-瓦町,500
綾川-栗林公園,470
綾川-三条,440
綾川-太田,410
綾川-仏生山,380
綾川-空港通り,380
綾川-一宮,360
綾川-円座,360
綾川-岡本,250
綾川-挿頭丘,250
綾川-畑田,190
綾川-陶,190
綾川-滝宮,190
綾川-羽床,190
綾川-栗熊,250
綾川-岡田,330
綾川-羽間,360
綾川-榎井,380
綾川-琴電琴平,410
綾川-花園,500
綾川-林道,530
綾川-木太東口,530
綾川-元山,550
綾川-水田,550
綾川-西前田,570
綾川-高田,590
綾川-池戸,590
綾川-農学部前,610
綾川-平木,610
綾川-学園通り,610
綾川-白山,610
綾川-井戸,630
綾川-公文明,630
綾川-長尾,630
綾川-今橋,500
綾川-松島二丁目,500
綾川-沖松島,500
綾川-春日川,530
綾川-潟元,550
綾川-琴電屋島,550
綾川-古高松,550
綾川-八栗,570
綾川-六万寺,570
綾川-大町,590
綾川-八栗新道,590
綾川-塩屋,610
綾川-房前,610
綾川-原,610
綾川-琴電志度,610
滝宮-高松築港,530
滝宮-片原町,500
滝宮-瓦町,500
滝宮-栗林公園,470
滝宮-三条,470
滝宮-太田,440
滝宮-仏生山,410
滝宮-空港通り,380
滝宮-一宮,380
滝宮-円座,360
滝宮-岡本,330
滝宮-挿頭丘,250
滝宮-畑田,250
滝宮-陶,190
滝宮-綾川,190
滝宮-羽床,190
滝宮-栗熊,190
滝宮-岡田,330
滝宮-羽間,360
滝宮-榎井,380
滝宮-琴電琴平,410
滝宮-花園,500
滝宮-林道,530
滝宮-木太東口,550
滝宮-元山,550
滝宮-水田,570
滝宮-西前田,590
滝宮-高田,590
滝宮-池戸,610
滝宮-農学部前,610
滝宮-平木,610
滝宮-学園通り,610
滝宮-白山,630
滝宮-井戸,630
滝宮-公文明,630
滝宮-長尾,630
滝宮-今橋,500
滝宮-松島二丁目,530
滝宮-沖松島,530
滝宮-春日川,530
滝宮-潟元,550
滝宮-琴電屋島,550
滝宮-古高松,570
滝宮-八栗,570
滝宮-六万寺,590
滝宮-大町,590
滝宮-八栗新道,610
滝宮-塩屋,610
滝宮-房前,610
滝宮-原,610
滝宮-琴電志度,630
羽床-高松築港,550
羽床-片原町,530
羽床-瓦町,530
羽床-栗林公園,500
羽床-三条,500
羽床-太田,470
羽床-仏生山,440
羽床-空港通り,410
羽床-一宮,410
羽床-円座,380
羽床-岡本,360
羽床-挿頭丘,330
羽床-畑田,330
羽床-陶,250
羽床-綾川,190
羽床-滝宮,190
羽床-栗熊,190
羽床-岡田,250
羽床-羽間,330
羽床-榎井,360
羽床-琴電琴平,380
羽床-花園,530
羽床-林道,550
羽床-木太東口,570
羽床-元山,570
羽床-水田,590
羽床-西前田,610
羽床-高田,610
羽床-池戸,610
羽床-農学部前,630
羽床-平木,630
羽床-学園通り,630
羽床-白山,630
羽床-井戸,650
羽床-公文明,650
羽床-長尾,650
羽床-今橋,530
羽床-松島二丁目,550
羽床-沖松島,550
羽床-春日川,570
羽床-潟元,570
羽床-琴電屋島,590
羽床-古高松,590
羽床-八栗,590
羽床-六万寺,610
羽床-大町,610
羽床-八栗新道,610
羽床-塩屋,630
羽床-房前,630
羽床-原,630
羽床-琴電志度,630
栗熊-高松築港,570
栗熊-片原町,550
栗熊-瓦町,550
栗熊-栗林公園,530
栗熊-三条,530
栗熊-太田,500
栗熊-仏生山,470
栗熊-空港通り,440
栗熊-一宮,440
栗熊-円座,410
栗熊-岡本,380
栗熊-挿頭丘,360
栗熊-畑田,360
栗熊-陶,330
栗熊-綾川,250
栗熊-滝宮,190
栗熊-羽床,190
栗熊-岡田,190
栗熊-羽間,250
栗熊-榎井,330
栗熊-琴電琴平,360
栗熊-花園,550
栗熊-林道,570
栗熊-木太東口,590
栗熊-元山,590
栗熊-水田,610
栗熊-西前田,610
栗熊-高田,630
栗熊-池戸,630
栗熊-農学部前,630
栗熊-平木,630
栗熊-学園通り,650
栗熊-白山,650
栗熊-井戸,650
栗熊-公文明,650
栗熊-長尾,670
栗熊-今橋,550
栗熊-松島二丁目,570
栗熊-沖松島,570
栗熊-春日川,570
栗熊-潟元,590
栗熊-琴電屋島,590
栗熊-古高松,610
栗熊-八栗,610
栗熊-六万寺,610
栗熊-大町,630
栗熊-八栗新道,630
栗熊-塩屋,630
栗熊-房前,630
栗熊-原,650
栗熊-琴電志度,650
岡田-高松築港,590
岡田-片原町,590
岡田-瓦町,570
岡田-栗林公園,570
岡田-三条,550
岡田-太田,530
岡田-仏生山,500
岡田-空港通り,500
岡田-一宮,470
岡田-円座,440
岡田-岡本,410
岡田-挿頭丘,410
岡田-畑田,380
岡田-陶,360
岡田-綾川,330
岡田-滝宮,330
岡田-羽床,250
岡田-栗熊,190
岡田-羽間,190
岡田-榎井,250
岡田-琴電琴平,250
岡田-花園,590
岡田-林道,610
岡田-木太東口,610
岡田-元山,610
岡田-水田,630
岡田-西前田,630
岡田-高田,630
岡田-池戸,650
岡田-農学部前,650
岡田-平木,650
岡田-学園通り,650
岡田-白山,670
岡田-井戸,670
岡田-公文明,670
岡田-長尾,690
岡田-今橋,590
岡田-松島二丁目,590
岡田-沖松島,590
岡田-春日川,610
岡田-潟元,610
岡田-琴電屋島,610
岡田-古高松,630
岡田-八栗,630
岡田-六万寺,630
岡田-大町,650
岡田-八栗新道,650
岡田-塩屋,650
岡田-房前,650
岡田-原,650
岡田-琴電志度,670
羽間-高松築港,610
羽間-片原町,610
羽間-瓦町,590
羽間-栗林公園,590
羽間-三条,570
羽間-太田,550
羽間-仏生山,530
羽間-空港通り,530
羽間-一宮,500
羽間-円座,470
羽間-岡本,440
羽間-挿頭丘,440
羽間-畑田,410
羽間-陶,380
羽間-綾川,360
羽間-滝宮,360
羽間-羽床,330
羽間-栗熊,250
羽間-岡田,190
羽間-榎井,190
羽間-琴電琴平,190
羽間-花園,610
羽間-林道,610
羽間-木太東口,610
羽間-元山,630
羽間-水田,630
羽間-西前田,650
羽間-高田,650
羽間-池戸,650
羽間-農学部前,670
羽間-平木,670
羽間-学園通り,670
羽間-白山,690
羽間-井戸,690
羽間-公文明,690
羽間-長尾,690
羽間-今橋,590
羽間-松島二丁目,610
羽間-沖松島,610
羽間-春日川,610
羽間-潟元,630
羽間-琴電屋島,630
羽間-古高松,630
羽間-八栗,650
羽間-六万寺,650
羽間-大町,650
羽間-八栗新道,650
羽間-塩屋,670
羽間-房前,670
羽間-原,670
羽間-琴電志度,670
榎井-高松築港,630
榎井-片原町,610
榎井-瓦町,610
榎井-栗林公園,610
榎井-三条,590
榎井-太田,570
榎井-仏生山,550
榎井-空港通り,550
榎井-一宮,530
榎井-円座,530
榎井-岡本,470
榎井-挿頭丘,470
榎井-畑田,440
榎井-陶,410
榎井-綾川,380
榎井-滝宮,380
榎井-羽床,360
榎井-栗熊,330
榎井-岡田,250
榎井-羽間,190
榎井-琴電琴平,190
榎井-花園,610
榎井-林道,630
榎井-木太東口,630
榎井-元山,650
榎井-水田,650
榎井-西前田,670
榎井-高田,670
榎井-池戸,670
榎井-農学部前,690
榎井-平木,690
榎井-学園通り,690
榎井-白山,690
榎井-井戸,710
榎井-公文明,710
榎井-長尾,710
榎井-今橋,610
榎井-松島二丁目,630
榎井-沖松島,630
榎井-春日川,630
榎井-潟元,650
榎井-琴電屋島,650
榎井-古高松,650
榎井-八栗,650
榎井-六万寺,670
榎井-大町,670
榎井-八栗新道,670
榎井-塩屋,670
榎井-房前,690
榎井-原,690
榎井-琴電志度,690
琴電琴平-高松築港,630
琴電琴平-片原町,630
琴電琴平-瓦町,630
琴電琴平-栗林公園,610
琴電琴平-三条,610
琴電琴平-太田,590
琴電琴平-仏生山,570
琴電琴平-空港通り,550
琴電琴平-一宮,550
琴電琴平-円座,530
琴電琴平-岡本,500
琴電琴平-挿頭丘,470
琴電琴平-畑田,470
琴電琴平-陶,440
琴電琴平-綾川,410
琴電琴平-滝宮,410
琴電琴平-羽床,380
琴電琴平-栗熊,360
琴電琴平-岡田,250
琴電琴平-羽間,190
琴電琴平-榎井,190
琴電琴平-花園,630
琴電琴平-林道,630
琴電琴平-木太東口,650
琴電琴平-元山,650
琴電琴平-水田,650
琴電琴平-西前田,670
琴電琴平-高田,670
琴電琴平-池戸,690
琴電琴平-農学部前,690
琴電琴平-平木,690
琴電琴平-学園通り,690
琴電琴平-白山,710
琴電琴平-井戸,710
琴電琴平-公文明,710
琴電琴平-長尾,710
琴電琴平-今橋,630
琴電琴平-松島二丁目,630
琴電琴平-沖松島,630
琴電琴平-春日川,650
琴電琴平-潟元,650
琴電琴平-琴電屋島,650
琴電琴平-古高松,650
琴電琴平-八栗,670
琴電琴平-六万寺,670
琴電琴平-大町,670
琴電琴平-八栗新道,690
琴電琴平-塩屋,690
琴電琴平-房前,690
琴電琴平-原,690
琴電琴平-琴電志度,710
花園-高松築港,190
花園-片原町,190
花園-瓦町,190
花園-栗林公園,190
花園-三条,190
花園-太田,250
花園-仏生山,330
花園-空港通り,360
花園-一宮,360
花園-円座,380
花園-岡本,410
花園-挿頭丘,440
花園-畑田,440
花園-陶,470
花園-綾川,500
花園-滝宮,500
花園-羽床,530
花園-栗熊,550
花園-岡田,590
花園-羽間,610
花園-榎井,610
花園-琴電琴平,630
花園-林道,190
花園-木太東口,190
花園-元山,190
花園-水田,250
花園-西前田,330
花園-高田,330
花園-池戸,360
花園-農学部前,360
花園-平木,360
花園-学園通り,380
花園-白山,380
花園-井戸,410
花園-公文明,410
花園-長尾,410
花園-今橋,190
花園-松島二丁目,190
花園-沖松島,190
花園-春日川,190
花園-潟元,250
花園-琴電屋島,250
花園-古高松,330
花園-八栗,330
花園-六万寺,360
花園-大町,360
花園-八栗新道,380
花園-塩屋,380
花園-房前,380
花園-原,410
花園-琴電志度,410
林道-高松築港,250
林道-片原町,190
林道-瓦町,190
林道-栗林公園,190
林道-三条,250
林道-太田,330
林道-仏生山,360
林道-空港通り,360
林道-一宮,380
林道-円座,410
林道-岡本,440
林道-挿頭丘,440
林道-畑田,470
林道-陶,500
林道-綾川,530
林道-滝宮,530
林道-羽床,550
林道-栗熊,570
林道-岡田,610
林道-羽間,610
林道-榎井,630
林道-琴電琴平,630
林道-花園,190
林道-木太東口,190
林道-元山,190
林道-水田,190
林道-西前田,250
林道-高田,250
林道-池戸,330
林道-農学部前,330
林道-平木,360
林道-学園通り,360
林道-白山,380
林道-井戸,380
林道-公文明,380
林道-長尾,380
林道-今橋,190
林道-松島二丁目,190
林道-沖松島,250
林道-春日川,250
林道-潟元,330
林道-琴電屋島,330
林道-古高松,360
林道-八栗,360
林道-六万寺,380
林道-大町,380
林道-八栗新道,380
林道-塩屋,410
林道-房前,410
林道-原,440
林道-琴電志度,440
木太東口-高松築港,250
木太東口-片原町,250
木太東口-瓦町,190
木太東口-栗林公園,250
木太東口-三条,250
木太東口-太田,330
木太東口-仏生山,360
木太東口-空港通り,380
木太東口-一宮,380
木太東口-円座,410
木太東口-岡本,440
木太東口-挿頭丘,470
木太東口-畑田,470
木太東口-陶,500
木太東口-綾川,530
木太東口-滝宮,550
木太東口-羽床,570
木太東口-栗熊,590
木太東口-岡田,610
木太東口-羽間,610
木太東口-榎井,630
木太東口-琴電琴平,650
木太東口-花園,190
木太東口-林道,190
木太東口-元山,190
木太東口-水田,190
木太東口-西前田,190
木太東口-高田,250
木太東口-池戸,330
木太東口-農学部前,330
木太東口-平木,330
木太東口-学園通り,360
木太東口-白山,360
木太東口-井戸,360
木太東口-公文明,380
木太東口-長尾,380
木太東口-今橋,190
木太東口-松島二丁目,250
木太東口-沖松島,250
木太東口-春日川,330
木太東口-潟元,330
木太東口-琴電屋島,360
木太東口-古高松,360
木太東口-八栗,380
木太東口-六万寺,380
木太東口-大町,410
木太東口-八栗新道,410
木太東口-塩屋,410
木太東口-房前,410
木太東口-原,440
木太東口-琴電志度,440
元山-高松築港,330
元山-片原町,250
元山-瓦町,250
元山-栗林公園,250
元山-三条,330
元山-太田,360
元山-仏生山,380
元山-空港通り,380
元山-一宮,410
元山-円座,410
元山-岡本,470
元山-挿頭丘,470
元山-畑田,500
元山-陶,530
元山-綾川,550
元山-滝宮,550
元山-羽床,570
元山-栗熊,590
元山-岡田,610
元山-羽間,630
元山-榎井,650
元山-琴電琴平,650
元山-花園,190
元山-林道,190
元山-木太東口,190
元山-水田,190
元山-西前田,190
元山-高田,190
元山-池戸,250
元山-農学部前,250
元山-平木,330
元山-学園通り,330
元山-白山,360
元山-井戸,360
元山-公文明,360
元山-長尾,380
元山-今橋,250
元山-松島二丁目,250
元山-沖松島,330
元山-春日川,330
元山-潟元,360
元山-琴電屋島,360
元山-古高松,380
元山-八栗,380
元山-六万寺,410
元山-大町,410
元山-八栗新道,410
元山-塩屋,440
元山-房前,440
元山-原,440
元山-琴電志度,470
水田-高松築港,330
水田-片原町,330
水田-瓦町,250
水田-栗林公園,330
水田-三条,330
水田-太田,380
水田-仏生山,410
水田-空港通り,410
水田-一宮,440
水田-円座,440
水田-岡本,470
水田-挿頭丘,500
水田-畑田,500
水田-陶,550
水田-綾川,550
水田-滝宮,570
水田-羽床,590
水田-栗熊,610
水田-岡田,630
水田-羽間,630
水田-榎井,650
水田-琴電琴平,650
水田-花園,250
水田-林道,190
水田-木太東口,190
水田-元山,190
水田-西前田,190
水田-高田,190
水田-池戸,190
水田-農学部前,250
水田-平木,250
水田-学園通り,250
水田-白山,330
水田-井戸,330
水田-公文明,360
水田-長尾,360
水田-今橋,330
水田-松島二丁目,330
水田-沖松島,330
水田-春日川,360
水田-潟元,380
水田-琴電屋島,380
水田-古高松,380
水田-八栗,410
水田-六万寺,410
水田-大町,440
水田-八栗新道,440
水田-塩屋,440
水田-房前,470
水田-原,470
水田-琴電志度,500
西前田-高松築港,360
西前田-片原町,330
西前田-瓦町,330
西前田-栗林公園,360
西前田-三条,360
西前田-太田,380
西前田-仏生山,410
西前田-空港通り,440
西前田-一宮,440
西前田-円座,470
西前田-岡本,500
西前田-挿頭丘,530
西前田-畑田,530
西前田-陶,550
西前田-綾川,570
西前田-滝宮,590
西前田-羽床,610
西前田-栗熊,610
西前田-岡田,630
西前田-羽間,650
西前田-榎井,670
西前田-琴電琴平,670
西前田-花園,330
西前田-林道,250
西前田-木太東口,190
西前田-元山,190
西前田-水田,190
西前田-高田,190
西前田-池戸,190
西前田-農学部前,190
西前田-平木,190
西前田-学園通り,250
西前田-白山,250
西前田-井戸,330
西前田-公文明,330
西前田-長尾,330
西前田-今橋,330
西前田-松島二丁目,360
西前田-沖松島,360
西前田-春日川,380
西前田-潟元,380
西前田-琴電屋島,410
西前田-古高松,410
西前田-八栗,410
西前田-六万寺,440
西前田-大町,440
西前田-八栗新道,470
西前田-塩屋,470
西前田-房前,470
西前田-原,500
西前田-琴電志度,500
高田-高松築港,360
高田-片原町,360
高田-瓦町,360
高田-栗林公園,360
高田-三条,380
高田-太田,410
高田-仏生山,440
高田-空港通り,440
高田-一宮,470
高田-円座,470
高田-岡本,530
高田-挿頭丘,530
高田-畑田,550
高田-陶,570
高田-綾川,590
高田-滝宮,590
高田-羽床,610
高田-栗熊,630
高田-岡田,630
高田-羽間,650
高田-榎井,670
高田-琴電琴平,670
高田-花園,330
高田-林道,250
高田-木太東口,250
高田-元山,190
高田-水田,190
高田-西前田,190
高田-池戸,190
高田-農学部前,190
高田-平木,190
高田-学園通り,190
高田-白山,250
高田-井戸,250
高田-公文明,250
高田-長尾,330
高田-今橋,360
高田-松島二丁目,360
高田-沖松島,380
高田-春日川,380
高田-潟元,410
高田-琴電屋島,410
高田-古高松,410
高田-八栗,440
高田-六万寺,470
高田-大町,470
高田-八栗新道,470
高田-塩屋,500
高田-房前,500
高田-原,500
高田-琴電志度,530
池戸-高松築港,380
池戸-片原町,380
池戸-瓦町,360
池戸-栗林公園,380
池戸-三条,380
池戸-太田,440
池戸-仏生山,440
池戸-空港通り,470
池戸-一宮,470
池戸-円座,500
池戸-岡本,530
池戸-挿頭丘,550
池戸-畑田,550
池戸-陶,590
池戸-綾川,590
池戸-滝宮,610
池戸-羽床,610
池戸-栗熊,630
池戸-岡田,650
池戸-羽間,650
池戸-榎井,670
池戸-琴電琴平,690
池戸-花園,360
池戸-林道,330
池戸-木太東口,330
池戸-元山,250
池戸-水田,190
池戸-西前田,190
池戸-高田,190
池戸-農学部前,190
池戸-平木,190
池戸-学園通り,190
池戸-白山,190
池戸-井戸,190
池戸-公文明,250
池戸-長尾,250
池戸-今橋,380
池戸-松島二丁目,380
池戸-沖松島,380
池戸-春日川,410
池戸-潟元,410
池戸-琴電屋島,440
池戸-古高松,440
池戸-八栗,470
池戸-六万寺,470
池戸-大町,500
池戸-八栗新道,500
池戸-塩屋,500
池戸-房前,530
池戸-原,530
池戸-琴電志度,550
農学部前-高松築港,410
農学部前-片原町,380
農学部前-瓦町,380
農学部前-栗林公園,380
農学部前-三条,410
農学部前-太田,440
農学部前-仏生山,470
農学部前-空港通り,470
農学部前-一宮,500
農学部前-円座,500
農学部前-岡本,550
農学部前-挿頭丘,550
農学部前-畑田,570
農学部前-陶,590
農学部前-綾川,610
農学部前-滝宮,610
農学部前-羽床,630
農学部前-栗熊,630
農学部前-岡田,650
農学部前-羽間,670
農学部前-榎井,690
農学部前-琴電琴平,690
農学部前-花園,360
農学部前-林道,330
農学部前-木太東口,330
農学部前-元山,250
農学部前-水田,250
農学部前-西前田,190
農学部前-高田,190
農学部前-池戸,190
農学部前-平木,190
農学部前-学園通り,190
農学部前-白山,190
農学部前-井戸,190
農学部前-公文明,190
農学部前-長尾,250
農学部前-今橋,380
農学部前-松島二丁目,380
農学部前-沖松島,410
農学部前-春日川,410
農学部前-潟元,440
農学部前-琴電屋島,440
農学部前-古高松,470
農学部前-八栗,470
農学部前-六万寺,500
農学部前-大町,500
農学部前-八栗新道,500
農学部前-塩屋,530
農学部前-房前,530
農学部前-原,530
農学部前-琴電志度,550
平木-高松築港,410
平木-片原町,380
平木-瓦町,380
平木-栗林公園,410
平木-三条,410
平木-太田,440
平木-仏生山,470
平木-空港通り,500
平木-一宮,500
平木-円座,530
平木-岡本,550
平木-挿頭丘,570
平木-畑田,570
平木-陶,590
平木-綾川,610
平木-滝宮,610
平木-羽床,630
平木-栗熊,630
平木-岡田,650
平木-羽間,670
平木-榎井,690
平木-琴電琴平,690
平木-花園,360
平木-林道,360
平木-木太東口,330
平木-元山,330
平木-水田,250
平木-西前田,190
平木-高田,190
平木-池戸,190
平木-農学部前,190
平木-学園通り,190
平木-白山,190
平木-井戸,190
平木-公文明,190
平木-長尾,190
平木-今橋,380
平木-松島二丁目,410
平木-沖松島,410
平木-春日川,410
平木-潟元,440
平木-琴電屋島,440
平木-古高松,470
平木-八栗,470
平木-六万寺,500
平木-大町,500
平木-八栗新道,530
平木-塩屋,530
平木-房前,530
平木-原,550
平木-琴電志度,550
学園通り-高松築港,410
学園通り-片原町,410
学園通り-瓦町,380
学園通り-栗林公園,410
学園通り-三条,410
学園通り-太田,440
学園通り-仏生山,470
学園通り-空港通り,500
学園通り-一宮,500
学園通り-円座,530
学園通り-岡本,550
学園通り-挿頭丘,570
学園通り-畑田,570
学園通り-陶,610
学園通り-綾川,610
学園通り-滝宮,610
学園通り-羽床,630
学園通り-栗熊,650
学園通り-岡田,650
学園通り-羽間,670
学園通り-榎井,690
学園通り-琴電琴平,690
学園通り-花園,380
学園通り-林道,360
学園通り-木太東口,360
学園通り-元山,330
学園通り-水田,250
学園通り-西前田,250
学園通り-高田,190
学園通り-池戸,190
学園通り-農学部前,190
学園通り-平木,190
学園通り-白山,190
学園通り-井戸,190
学園通り-公文明,190
学園通り-長尾,190
学園通り-今橋,410
学園通り-松島二丁目,410
学園通り-沖松島,410
学園通り-春日川,440
学園通り-潟元,440
学園通り-琴電屋島,470
学園通り-古高松,470
学園通り-八栗,500
学園通り-六万寺,500
学園通り-大町,530
学園通り-八栗新道,530
学園通り-塩屋,530
学園通り-房前,550
学園通り-原,550
学園通り-琴電志度,550
白山-高松築港,440
白山-片原町,410
白山-瓦町,410
白山-栗林公園,410
白山-三条,440
白山-太田,470
白山-仏生山,500
白山-空港通り,530
白山-一宮,530
白山-円座,550
白山-岡本,570
白山-挿頭丘,590
白山-畑田,590
白山-陶,610
白山-綾川,610
白山-滝宮,630
白山-羽床,630
白山-栗熊,650
白山-岡田,670
白山-羽間,690
白山-榎井,690
白山-琴電琴平,710
白山-花園,380
白山-林道,380
白山-木太東口,360
白山-元山,360
白山-水田,330
白山-西前田,250
白山-高田,250
白山-池戸,190
白山-農学部前,190
白山-平木,190
白山-学園通り,190
白山-井戸,190
白山-公文明,190
白山-長尾,190
白山-今橋,410
白山-松島二丁目,410
白山-沖松島,440
白山-春日川,440
白山-潟元,470
白山-琴電屋島,470
白山-古高松,500
白山-八栗,500
白山-六万寺,530
白山-大町,530
白山-八栗新道,550
白山-塩屋,550
白山-房前,550
白山-原,570
白山-琴電志度,570
井戸-高松築港,440
井戸-片原町,440
井戸-瓦町,410
井戸-栗林公園,440
井戸-三条,440
井戸-太田,470
井戸-仏生山,500
井戸-空港通り,530
井戸-一宮,530
井戸-円座,550
井戸-岡本,570
井戸-挿頭丘,590
井戸-畑田,590
井戸-陶,610
井戸-綾川,630
井戸-滝宮,630
井戸-羽床,650
井戸-栗熊,650
井戸-岡田,670
井戸-羽間,690
井戸-榎井,710
井戸-琴電琴平,710
井戸-花園,410
井戸-林道,380
井戸-木太東口,360
井戸-元山,360
井戸-水田,330
井戸-西前田,330
井戸-高田,250
井戸-池戸,190
井戸-農学部前,190
井戸-平木,190
井戸-学園通り,190
井戸-白山,190
井戸-公文明,190
井戸-長尾,190
井戸-今橋,410
井戸-松島二丁目,440
井戸-沖松島,440
井戸-春日川,470
井戸-潟元,470
井戸-琴電屋島,500
井戸-古高松,500
井戸-八栗,500
井戸-六万寺,530
井戸-大町,530
井戸-八栗新道,550
井戸-塩屋,550
井戸-房前,550
井戸-原,570
井戸-琴電志度,570
公文明-高松築港,440
公文明-片原町,440
公文明-瓦町,410
公文明-栗林公園,440
公文明-三条,470
公文明-太田,500
公文明-仏生山,530
公文明-空港通り,530
公文明-一宮,550
公文明-円座,550
公文明-岡本,570
公文明-挿頭丘,590
公文明-畑田,590
公文明-陶,610
公文明-綾川,630
公文明-滝宮,630
公文明-羽床,650
公文明-栗熊,650
公文明-岡田,670
公文明-羽間,690
公文明-榎井,710
公文明-琴電琴平,710
公文明-花園,410
公文明-林道,380
公文明-木太東口,380
公文明-元山,360
公文明-水田,360
公文明-西前田,330
公文明-高田,250
公文明-池戸,250
公文明-農学部前,190
公文明-平木,190
公文明-学園通り,190
公文明-白山,190
公文明-井戸,190
公文明-長尾,190
公文明-今橋,440
公文明-松島二丁目,440
公文明-沖松島,440
公文明-春日川,470
公文明-潟元,500
公文明-琴電屋島,500
公文明-古高松,500
公文明-八栗,530
公文明-六万寺,530
公文明-大町,550
公文明-八栗新道,550
公文明-塩屋,550
公文明-房前,570
公文明-原,570
公文明-琴電志度,590
長尾-高松築港,470
長尾-片原町,440
長尾-瓦町,440
長尾-栗林公園,440
長尾-三条,470
長尾-太田,500
長尾-仏生山,530
長尾-空港通り,530
長尾-一宮,550
長尾-円座,570
長尾-岡本,590
長尾-挿頭丘,590
長尾-畑田,610
長尾-陶,630
長尾-綾川,630
長尾-滝宮,630
長尾-羽床,650
長尾-栗熊,670
長尾-岡田,690
長尾-羽間,690
長尾-榎井,710
長尾-琴電琴平,710
長尾-花園,410
長尾-林道,380
長尾-木太東口,380
長尾-元山,380
長尾-水田,360
長尾-西前田,330
長尾-高田,330
長尾-池戸,250
長尾-農学部前,250
長尾-平木,190
長尾-学園通り,190
長尾-白山,190
長尾-井戸,190
長尾-公文明,190
長尾-今橋,440
長尾-松島二丁目,440
長尾-沖松島,470
長尾-春日川,470
長尾-潟元,500
長尾-琴電屋島,500
長尾-古高松,530
長尾-八栗,530
長尾-六万寺,550
長尾-大町,550
長尾-八栗新道,550
長尾-塩屋,570
長尾-房前,570
長尾-原,590
長尾-琴電志度,590
今橋-高松築港,190
今橋-片原町,190
今橋-瓦町,190
今橋-栗林公園,190
今橋-三条,190
今橋-太田,250
今橋-仏生山,330
今橋-空港通り,330
今橋-一宮,360
今橋-円座,380
今橋-岡本,410
今橋-挿頭丘,410
今橋-畑田,440
今橋-陶,470
今橋-綾川,500
今橋-滝宮,500
今橋-羽床,530
今橋-栗熊,550
今橋-岡田,590
今橋-羽間,590
今橋-榎井,610
今橋-琴電琴平,630
今橋-花園,190
今橋-林道,190
今橋-木太東口,190
今橋-元山,250
今橋-水田,330
今橋-西前田,330
今橋-高田,360
今橋-池戸,380
今橋-農学部前,380
今橋-平木,380
今橋-学園通り,410
今橋-白山,410
今橋-井戸,410
今橋-公文明,440
今橋-長尾,440
今橋-松島二丁目,190
今橋-沖松島,190
今橋-春日川,190
今橋-潟元,190
今橋-琴電屋島,250
今橋-古高松,250
今橋-八栗,330
今橋-六万寺,330
今橋-大町,360
今橋-八栗新道,360
今橋-塩屋,360
今橋-房前,360
今橋-原,380
今橋-琴電志度,380
松島二丁目-高松築港,190
松島二丁目-片原町,190
松島二丁目-瓦町,190
松島二丁目-栗林公園,190
松島二丁目-三条,190
松島二丁目-太田,250
松島二丁目-仏生山,330
松島二丁目-空港通り,360
松島二丁目-一宮,360
松島二丁目-円座,380
松島二丁目-岡本,410
松島二丁目-挿頭丘,440
松島二丁目-畑田,440
松島二丁目-陶,470
松島二丁目-綾川,500
松島二丁目-滝宮,530
松島二丁目-羽床,550
松島二丁目-栗熊,570
松島二丁目-岡田,590
松島二丁目-羽間,610
松島二丁目-榎井,630
松島二丁目-琴電琴平,630
松島二丁目-花園,190
松島二丁目-林道,190
松島二丁目-木太東口,250
松島二丁目-元山,250
松島二丁目-水田,330
松島二丁目-西前田,360
松島二丁目-高田,360
松島二丁目-池戸,380
松島二丁目-農学部前,380
松島二丁目-平木,410
松島二丁目-学園通り,410
松島二丁目-白山,410
松島二丁目-井戸,440
松島二丁目-公文明,440
松島二丁目-長尾,440
松島二丁目-今橋,190
松島二丁目-沖松島,190
松島二丁目-春日川,190
松島二丁目-潟元,190
松島二丁目-琴電屋島,190
松島二丁目-古高松,250
松島二丁目-八栗,250
松島二丁目-六万寺,330
松島二丁目-大町,330
松島二丁目-八栗新道,360
松島二丁目-塩屋,360
松島二丁目-房前,360
松島二丁目-原,380
松島二丁目-琴電志度,380
沖松島-高松築港,190
沖松島-片原町,190
沖松島-瓦町,190
沖松島-栗林公園,190
沖松島-三条,250
沖松島-太田,330
沖松島-仏生山,360
沖松島-空港通り,360
沖松島-一宮,380
沖松島-円座,380
沖松島-岡本,410
沖松島-挿頭丘,440
沖松島-畑田,440
沖松島-陶,500
沖松島-綾川,500
沖松島-滝宮,530
沖松島-羽床,550
沖松島-栗熊,570
沖松島-岡田,590
沖松島-羽間,610
沖松島-榎井,630
沖松島-琴電琴平,630
沖松島-花園,190
沖松島-林道,250
沖松島-木太東口,250
沖松島-元山,330
沖松島-水田,330
沖松島-西前田,360
沖松島-高田,380
沖松島-池戸,380
沖松島-農学部前,410
沖松島-平木,410
沖松島-学園通り,410
沖松島-白山,440
沖松島-井戸,440
沖松島-公文明,440
沖松島-長尾,470
沖松島-今橋,190
沖松島-松島二丁目,190
沖松島-春日川,190
沖松島-潟元,190
沖松島-琴電屋島,190
沖松島-古高松,190
沖松島-八栗,250
沖松島-六万寺,250
沖松島-大町,330
沖松島-八栗新道,330
沖松島-塩屋,360
沖松島-房前,360
沖松島-原,360
沖松島-琴電志度,380
春日川-高松築港,250
春日川-片原町,190
春日川-瓦町,190
春日川-栗林公園,250
春日川-三条,250
春日川-太田,330
春日川-仏生山,360
春日川-空港通り,380
春日川-一宮,380
春日川-円座,410
春日川-岡本,440
春日川-挿頭丘,470
春日川-畑田,470
春日川-陶,500
春日川-綾川,530
春日川-滝宮,530
春日川-羽床,570
春日川-栗熊,570
春日川-岡田,610
春日川-羽間,610
春日川-榎井,630
春日川-琴電琴平,650
春日川-花園,190
春日川-林道,250
春日川-木太東口,330
春日川-元山,330
春日川-水田,360
春日川-西前田,380
春日川-高田,380
春日川-池戸,410
春日川-農学部前,410
春日川-平木,410
春日川-学園通り,440
春日川-白山,440
春日川-井戸,470
春日川-公文明,470
春日川-長尾,470
春日川-今橋,190
春日川-松島二丁目,190
春日川-沖松島,190
春日川-潟元,190
春日川-琴電屋島,190
春日川-古高松,190
春日川-八栗,190
春日川-六万寺,250
春日川-大町,250
春日川-八栗新道,330
春日川-塩屋,330
春日川-房前,330
春日川-原,360
春日川-琴電志度,360
潟元-高松築港,250
潟元-片原町,250
潟元-瓦町,250
潟元-栗林公園,250
潟元-三条,330
潟元-太田,360
潟元-仏生山,380
潟元-空港通り,380
潟元-一宮,410
潟元-円座,410
潟元-岡本,470
潟元-挿頭丘,470
潟元-畑田,500
潟元-陶,530
潟元-綾川,550
潟元-滝宮,550
潟元-羽床,570
潟元-栗熊,590
潟元-岡田,610
潟元-羽間,630
潟元-榎井,650
潟元-琴電琴平,650
潟元-花園,250
潟元-林道,330
潟元-木太東口,330
潟元-元山,360
潟元-水田,380
潟元-西前田,380
潟元-高田,410
潟元-池戸,410
潟元-農学部前,440
潟元-平木,440
潟元-学園通り,440
潟元-白山,470
潟元-井戸,470
潟元-公文明,500
潟元-長尾,500
潟元-今橋,190
潟元-松島二丁目,190
潟元-沖松島,190
潟元-春日川,190
潟元-琴電屋島,190
潟元-古高松,190
潟元-八栗,190
潟元-六万寺,190
潟元-大町,250
潟元-八栗新道,250
潟元-塩屋,250
潟元-房前,330
潟元-原,330
潟元-琴電志度,360
琴電屋島-高松築港,330
琴電屋島-片原町,250
琴電屋島-瓦町,250
琴電屋島-栗林公園,330
琴電屋島-三条,330
琴電屋島-太田,360
琴電屋島-仏生山,380
琴電屋島-空港通り,410
琴電屋島-一宮,410
琴電屋島-円座,440
琴電屋島-岡本,470
琴電屋島-挿頭丘,500
琴電屋島-畑田,500
琴電屋島-陶,530
琴電屋島-綾川,550
琴電屋島-滝宮,550
琴電屋島-羽床,590
琴電屋島-栗熊,590
琴電屋島-岡田,610
琴電屋島-羽間,630
琴電屋島-榎井,650
琴電屋島-琴電琴平,650
琴電屋島-花園,250
琴電屋島-林道,330
琴電屋島-木太東口,360
琴電屋島-元山,360
琴電屋島-水田,380
琴電屋島-西前田,410
琴電屋島-高田,410
琴電屋島-池戸,440
琴電屋島-農学部前,440
琴電屋島-平木,440
琴電屋島-学園通り,470
琴電屋島-白山,470
琴電屋島-井戸,500
琴電屋島-公文明,500
琴電屋島-長尾,500
琴電屋島-今橋,250
琴電屋島-松島二丁目,190
琴電屋島-沖松島,190
琴電屋島-春日川,190
琴電屋島-潟元,190
琴電屋島-古高松,190
琴電屋島-八栗,190
琴電屋島-六万寺,190
琴電屋島-大町,190
琴電屋島-八栗新道,250
琴電屋島-塩屋,250
琴電屋島-房前,250
琴電屋島-原,330
琴電屋島-琴電志度,330
古高松-高松築港,330
古高松-片原町,330
古高松-瓦町,250
古高松-栗林公園,330
古高松-三条,330
古高松-太田,380
古高松-仏生山,380
古高松-空港通り,410
古高松-一宮,410
古高松-円座,440
古高松-岡本,470
古高松-挿頭丘,500
古高松-畑田,500
古高松-陶,550
古高松-綾川,550
古高松-滝宮,570
古高松-羽床,590
古高松-栗熊,610
古高松-岡田,630
古高松-羽間,630
古高松-榎井,650
古高松-琴電琴平,650
古高松-花園,330
古高松-林道,360
古高松-木太東口,360
古高松-元山,380
古高松-水田,380
古高松-西前田,410
古高松-高田,410
古高松-池戸,440
古高松-農学部前,470
古高松-平木,470
古高松-学園通り,470
古高松-白山,500
古高松-井戸,500
古高松-公文明,500
古高松-長尾,530
古高松-今橋,250
古高松-松島二丁目,250
古高松-沖松島,190
古高松-春日川,190
古高松-潟元,190
古高松-琴電屋島,190
古高松-八栗,190
古高松-六万寺,190
古高松-大町,190
古高松-八栗新道,190
古高松-塩屋,250
古高松-房前,250
古高松-原,250
古高松-琴電志度,330
八栗-高松築港,350
八栗-片原町,330
八栗-瓦町,330
八栗-栗林公園,330
八栗-三条,360
八栗-太田,380
八栗-仏生山,410
八栗-空港通り,410
八栗-一宮,440
八栗-円座,470
八栗-岡本,500
八栗-挿頭丘,500
八栗-畑田,530
八栗-陶,550
八栗-綾川,570
八栗-滝宮,570
八栗-羽床,590
八栗-栗熊,610
八栗-岡田,630
八栗-羽間,650
八栗-榎井,650
八栗-琴電琴平,670
八栗-花園,330
八栗-林道,360
八栗-木太東口,380
八栗-元山,380
八栗-水田,410
八栗-西前田,410
八栗-高田,440
八栗-池戸,470
八栗-農学部前,470
八栗-平木,470
八栗-学園通り,500
八栗-白山,500
八栗-井戸,500
八栗-公文明,530
八栗-長尾,530
八栗-今橋,330
八栗-松島二丁目,250
八栗-沖松島,250
八栗-春日川,190
八栗-潟元,190
八栗-琴電屋島,190
八栗-古高松,190
八栗-六万寺,190
八栗-大町,190
八栗-八栗新道,190
八栗-塩屋,190
八栗-房前,190
八栗-原,250
八栗-琴電志度,250
六万寺-高松築港,350
六万寺-片原町,350
六万寺-瓦町,330
六万寺-栗林公園,360
六万寺-三条,360
六万寺-太田,410
六万寺-仏生山,440
六万寺-空港通り,440
六万寺-一宮,470
六万寺-円座,470
六万寺-岡本,500
六万寺-挿頭丘,530
六万寺-畑田,530
六万寺-陶,570
六万寺-綾川,570
六万寺-滝宮,590
六万寺-羽床,610
六万寺-栗熊,610
六万寺-岡田,630
六万寺-羽間,650
六万寺-榎井,670
六万寺-琴電琴平,670
六万寺-花園,360
六万寺-林道,380
六万寺-木太東口,380
六万寺-元山,410
六万寺-水田,410
六万寺-西前田,440
六万寺-高田,470
六万寺-池戸,470
六万寺-農学部前,500
六万寺-平木,500
六万寺-学園通り,500
六万寺-白山,530
六万寺-井戸,530
六万寺-公文明,530
六万寺-長尾,550
六万寺-今橋,330
六万寺-松島二丁目,330
六万寺-沖松島,250
六万寺-春日川,250
六万寺-潟元,190
六万寺-琴電屋島,190
六万寺-古高松,190
六万寺-八栗,190
六万寺-大町,190
六万寺-八栗新道,190
六万寺-塩屋,190
六万寺-房前,190
六万寺-原,190
六万寺-琴電志度,250
大町-高松築港,370
大町-片原町,360
大町-瓦町,360
大町-栗林公園,360
大町-三条,380
大町-太田,410
大町-仏生山,440
大町-空港通り,440
大町-一宮,470
大町-円座,500
大町-岡本,530
大町-挿頭丘,530
大町-畑田,550
大町-陶,570
大町-綾川,590
大町-滝宮,590
大町-羽床,610
大町-栗熊,630
大町-岡田,650
大町-羽間,650
大町-榎井,670
大町-琴電琴平,670
大町-花園,360
大町-林道,380
大町-木太東口,410
大町-元山,410
大町-水田,440
大町-西前田,440
大町-高田,470
大町-池戸,500
大町-農学部前,500
大町-平木,500
大町-学園通り,530
大町-白山,530
大町-井戸,530
大町-公文明,550
大町-長尾,550
大町-今橋,360
大町-松島二丁目,330
大町-沖松島,330
大町-春日川,250
大町-潟元,250
大町-琴電屋島,190
大町-古高松,190
大町-八栗,190
大町-六万寺,190
大町-八栗新道,190
大町-塩屋,190
大町-房前,190
大町-原,190
大町-琴電志度,190
八栗新道-高松築港,370
八栗新道-片原町,370
八栗新道-瓦町,360
八栗新道-栗林公園,380
八栗新道-三条,380
八栗新道-太田,410
八栗新道-仏生山,440
八栗新道-空港通り,470
八栗新道-一宮,470
八栗新道-円座,500
八栗新道-岡本,530
八栗新道-挿頭丘,550
八栗新道-畑田,550
八栗新道-陶,570
八栗新道-綾川,590
八栗新道-滝宮,610
八栗新道-羽床,610
八栗新道-栗熊,630
八栗新道-岡田,650
八栗新道-羽間,650
八栗新道-榎井,670
八栗新道-琴電琴平,690
八栗新道-花園,380
八栗新道-林道,380
八栗新道-木太東口,410
八栗新道-元山,410
八栗新道-水田,440
八栗新道-西前田,470
八栗新道-高田,470
八栗新道-池戸,500
八栗新道-農学部前,500
八栗新道-平木,530
八栗新道-学園通り,530
八栗新道-白山,550
八栗新道-井戸,550
八栗新道-公文明,550
八栗新道-長尾,550
八栗新道-今橋,360
八栗新道-松島二丁目,360
八栗新道-沖松島,330
八栗新道-春日川,330
八栗新道-潟元,250
八栗新道-琴電屋島,250
八栗新道-古高松,190
八栗新道-八栗,190
八栗新道-六万寺,190
八栗新道-大町,190
八栗新道-塩屋,190
八栗新道-房前,190
八栗新道-原,190
八栗新道-琴電志度,190
塩屋-高松築港,380
塩屋-片原町,380
塩屋-瓦町,360
塩屋-栗林公園,380
塩屋-三条,410
塩屋-太田,440
塩屋-仏生山,470
塩屋-空港通り,470
塩屋-一宮,500
塩屋-円座,500
塩屋-岡本,550
塩屋-挿頭丘,550
塩屋-畑田,570
塩屋-陶,590
塩屋-綾川,610
塩屋-滝宮,610
塩屋-羽床,630
塩屋-栗熊,630
塩屋-岡田,650
塩屋-羽間,670
塩屋-榎井,670
塩屋-琴電琴平,690
塩屋-花園,380
塩屋-林道,410
塩屋-木太東口,410
塩屋-元山,440
塩屋-水田,440
塩屋-西前田,470
塩屋-高田,500
塩屋-池戸,500
塩屋-農学部前,530
塩屋-平木,530
塩屋-学園通り,530
塩屋-白山,550
塩屋-井戸,550
塩屋-公文明,550
塩屋-長尾,570
塩屋-今橋,360
塩屋-松島二丁目,360
塩屋-沖松島,360
塩屋-春日川,330
塩屋-潟元,250
塩屋-琴電屋島,250
塩屋-古高松,250
塩屋-八栗,190
塩屋-六万寺,190
塩屋-大町,190
塩屋-八栗新道,190
塩屋-房前,190
塩屋-原,190
塩屋-琴電志度,190
房前-高松築港,410
房前-片原町,380
房前-瓦町,380
房前-栗林公園,380
房前-三条,410
房前-太田,440
房前-仏生山,470
房前-空港通り,470
房前-一宮,500
房前-円座,530
房前-岡本,550
房前-挿頭丘,550
房前-畑田,570
房前-陶,590
房前-綾川,610
房前-滝宮,610
房前-羽床,630
房前-栗熊,630
房前-岡田,650
房前-羽間,670
房前-榎井,690
房前-琴電琴平,690
房前-花園,380
房前-林道,410
房前-木太東口,410
房前-元山,440
房前-水田,470
房前-西前田,470
房前-高田,500
房前-池戸,530
房前-農学部前,530
房前-平木,530
房前-学園通り,550
房前-白山,550
房前-井戸,550
房前-公文明,570
房前-長尾,570
房前-今橋,360
房前-松島二丁目,360
房前-沖松島,360
房前-春日川,330
房前-潟元,330
房前-琴電屋島,250
房前-古高松,250
房前-八栗,190
房前-六万寺,190
房前-大町,190
房前-八栗新道,190
房前-塩屋,190
房前-原,190
房前-琴電志度,190
原-高松築港,410
原-片原町,410
原-瓦町,380
原-栗林公園,410
原-三条,410
原-太田,440
原-仏生山,470
原-空港通り,500
原-一宮,500
原-円座,530
原-岡本,550
原-挿頭丘,570
原-畑田,570
原-陶,610
原-綾川,610
原-滝宮,610
原-羽床,630
原-栗熊,650
原-岡田,650
原-羽間,670
原-榎井,690
原-琴電琴平,690
原-花園,410
原-林道,440
原-木太東口,440
原-元山,440
原-水田,470
原-西前田,500
原-高田,500
原-池戸,530
原-農学部前,530
原-平木,550
原-学園通り,550
原-白山,570
原-井戸,570
原-公文明,570
原-長尾,590
原-今橋,380
原-松島二丁目,380
原-沖松島,360
原-春日川,360
原-潟元,330
原-琴電屋島,330
原-古高松,250
原-八栗,250
原-六万寺,190
原-大町,190
原-八栗新道,190
原-塩屋,190
原-房前,190
原-琴電志度,190
琴電志度-高松築港,430
琴電志度-片原町,410
琴電志度-瓦町,410
琴電志度-栗林公園,410
琴電志度-三条,440
琴電志度-太田,470
琴電志度-仏生山,500
琴電志度-空港通り,500
琴電志度-一宮,530
琴電志度-円座,530
琴電志度-岡本,570
琴電志度-挿頭丘,570
琴電志度-畑田,590
琴電志度-陶,610
琴電志度-綾川,610
琴電志度-滝宮,630
琴電志度-羽床,630
琴電志度-栗熊,650
琴電志度-岡田,670
琴電志度-羽間,670
琴電志度-榎井,690
琴電志度-琴電琴平,710
琴電志度-花園,410
琴電志度-林道,440
琴電志度-木太東口,440
琴電志度-元山,470
琴電志度-水田,500
琴電志度-西前田,500
琴電志度-高田,530
琴電志度-池戸,550
琴電志度-農学部前,550
琴電志度-平木,550
琴電志度-学園通り,550
琴電志度-白山,570
琴電志度-井戸,570
琴電志度-公文明,590
琴電志度-長尾,590
琴電志度-今橋,380
琴電志度-松島二丁目,380
琴電志度-沖松島,380
琴電志度-春日川,360
琴電志度-潟元,360
琴電志度-琴電屋島,330
琴電志度-古高松,330
琴電志度-八栗,250
琴電志度-六万寺,250
琴電志度-大町,190
琴電志度-八栗新道,190
琴電志度-塩屋,190
琴電志度-房前,190
琴電志度-原,190
